26134398,http://media.eol.org/content/2013/04/05/18/01439_orig.jpg
26135592,http://media.eol.org/content/2013/04/05/22/02855_orig.jpg
26160703,http://media.eol.org/content/2013/09/05/10/13696_orig.jpg
26161197,http://media.eol.org/content/2013/09/05/10/24430_orig.jpg
26679655,http://media.eol.org/content/2013/11/09/02/30981_orig.jpg
26289859,http://media.eol.org/content/2013/09/22/03/32671_orig.jpg
26160701,http://media.eol.org/content/2013/09/05/10/58536_orig.jpg
26161145,http://media.eol.org/content/2013/09/05/10/63466_orig.jpg
26292394,http://media.eol.org/content/2013/09/22/05/70159_orig.jpg
26170014,http://media.eol.org/content/2013/09/05/17/72102_orig.jpg
26299566,http://media.eol.org/content/2013/09/22/09/92321_orig.jpg
26168896,http://media.eol.org/content/2013/09/05/16/98261_orig.jpg
26686421,http://media.eol.org/content/2013/11/09/04/42741_orig.jpg
26764458,http://media.eol.org/content/2013/11/13/09/10084_orig.jpg
26161140,http://media.eol.org/content/2013/09/05/10/95756_orig.jpg
19885186,http://media.eol.org/content/2012/06/27/13/66859_orig.jpg
26130400,http://media.eol.org/content/2013/04/05/22/49219_orig.jpg
12461340,http://media.eol.org/content/2011/07/10/06/28907_orig.jpg
26137569,http://media.eol.org/content/2013/04/05/17/94396_orig.jpg
26129400,http://media.eol.org/content/2013/04/06/00/40573_orig.jpg
26296875,http://media.eol.org/content/2013/09/22/07/62868_orig.jpg
26167347,http://media.eol.org/content/2013/09/05/15/88609_orig.jpg
26166370,http://media.eol.org/content/2013/09/05/14/52278_orig.jpg
12460757,http://media.eol.org/content/2011/07/10/06/97996_orig.jpg
26165611,http://media.eol.org/content/2013/09/05/14/94570_orig.jpg
26303884,http://media.eol.org/content/2013/09/22/12/42508_orig.jpg
12460593,http://media.eol.org/content/2011/07/10/06/00352_orig.jpg
26127290,http://media.eol.org/content/2013/04/06/01/46864_orig.jpg
23449724,http://media.eol.org/content/2013/03/07/10/79908_orig.jpg
12461880,http://media.eol.org/content/2011/07/10/06/40185_orig.jpg
